algorithm,mode_ecb_encryption_ms,mode_ecb_decryption_ms,mode_cbc_encryption_ms,mode_cbc_decryption_ms,data_size_bytes,key_size_bits,b_value,key_generation_ms,encryption_ms,decryption_ms,encryption_std,decryption_std,rsa_key_size_bits
Twofish,0.02250218391418457,0.023608684539794922,0.10573077201843262,0.10445404052734375,1024.0,256.0,,,,,,,
Multi-Power RSA (b=2),,,,,,1024.0,2.0,9.458303451538086,0.005555152893066406,0.041103363037109375,0.00464891775417331,0.004155875886821923,
Multi-Power RSA (b=3),,,,,,1024.0,3.0,1.489877700805664,0.006198883056640625,0.03440380096435547,0.002613920225842618,0.004827667155792733,
Multi-Power RSA (b=2),,,,,,2048.0,2.0,9.666919708251953,0.01316070556640625,0.20608901977539062,0.0040946959383065225,0.016584133126361714,
Multi-Power RSA (b=3),,,,,,2048.0,3.0,3.219127655029297,0.017452239990234375,0.1500844955444336,0.008544437573536796,0.0042612944224830465,
Hybrid (Twofish+MPRSA),,,,,1024.0,,3.0,,0.22461414337158203,0.35495758056640625,0.05050169826157448,0.04497762545329366,2048.0
Hybrid (Twofish+MPRSA),,,,,10240.0,,3.0,,1.233530044555664,1.335287094116211,0.1712605910464648,0.16770750610190033,2048.0
Hybrid (Twofish+MPRSA),,,,,102400.0,,3.0,,11.538529396057129,10.808658599853516,2.0881172190552584,0.6503095461095107,2048.0
