algorithm,mode_ecb_encryption_ms,mode_ecb_decryption_ms,mode_cbc_encryption_ms,mode_cbc_decryption_ms,data_size_bytes,key_size_bits,b_value,key_generation_ms,encryption_ms,decryption_ms,encryption_std,decryption_std,rsa_key_size_bits
Twofish,0.02431941032409668,0.03203010559082031,0.13066720962524414,0.1364433765411377,1024.0,256.0,,,,,,,
Multi-Power RSA (b=2),,,,,,1024.0,2.0,22.28260040283203,0.0052928924560546875,0.04096031188964844,0.0045183937763377605,0.004519651646069636,
Multi-Power RSA (b=3),,,,,,1024.0,3.0,0.8435249328613281,0.006985664367675781,0.03864765167236328,0.004726524309308708,0.01576754554892192,
Multi-Power RSA (b=2),,,,,,2048.0,2.0,4.478931427001953,0.01938343048095703,0.31375885009765625,0.005671205764705931,0.013180472553076443,
Multi-Power RSA (b=3),,,,,,2048.0,3.0,5.858898162841797,0.017404556274414062,0.16634464263916016,0.0037333639394881027,0.012892714759388862,
Hybrid (Twofish+MPRSA),,,,,1024.0,,3.0,,0.24199485778808594,0.38177967071533203,0.04938373415797196,0.045019596139904125,2048.0
Hybrid (Twofish+MPRSA),,,,,10240.0,,3.0,,1.5719175338745117,1.5755653381347656,0.31589845345439715,0.21492056847401,2048.0
Hybrid (Twofish+MPRSA),,,,,102400.0,,3.0,,12.063169479370117,11.959457397460938,1.0048029271826409,1.1705175969992803,2048.0
